time,emotion
2025-11-25 23:14:17,Calm
2025-11-25 23:14:17,Calm
2025-11-25 23:14:18,Calm
2025-11-25 23:14:18,Calm
2025-11-25 23:14:18,Calm
2025-11-25 23:14:19,Calm
2025-11-25 23:14:19,Calm
2025-11-25 23:14:20,Calm
2025-11-25 23:14:20,Sad
2025-11-25 23:14:20,Calm
2025-11-25 23:14:21,Calm
2025-11-25 23:14:21,Calm
2025-11-25 23:14:21,Calm
2025-11-25 23:14:22,Sad
2025-11-25 23:14:22,Sad
2025-11-25 23:14:23,Sad
2025-11-25 23:14:23,Sad
2025-11-25 23:14:23,Sad
2025-11-25 23:14:24,Sad
2025-11-25 23:14:24,Sad
2025-11-25 23:14:25,Sad
2025-11-25 23:14:26,Sad
2025-11-25 23:14:26,Sad
2025-11-25 23:14:26,Calm
2025-11-25 23:14:27,Calm
2025-11-25 23:14:27,Calm
2025-11-25 23:14:27,Calm
2025-11-25 23:14:28,Calm
2025-11-25 23:14:28,Calm
2025-11-25 23:14:29,Calm
2025-11-25 23:14:29,Calm
2025-11-25 23:14:29,Calm
2025-11-25 23:14:30,Calm
2025-11-25 23:14:30,Calm
2025-11-25 23:14:30,Surprised
2025-11-25 23:14:31,Surprised
2025-11-25 23:14:31,Happy
2025-11-25 23:14:32,Calm
2025-11-25 23:14:32,Happy
2025-11-25 23:14:32,Calm
2025-11-25 23:14:33,Calm
2025-11-25 23:14:33,Calm
2025-11-25 23:14:33,Happy
2025-11-25 23:14:34,Happy
2025-11-25 23:14:34,Calm
2025-11-25 23:14:34,Surprised
2025-11-25 23:14:35,Surprised
2025-11-25 23:14:35,Calm
2025-11-25 23:14:36,Calm
2025-11-25 23:14:36,Calm
2025-11-25 23:14:36,Calm
2025-11-25 23:14:37,Calm
2025-11-25 23:14:37,Happy
2025-11-25 23:14:37,Calm
2025-11-25 23:14:38,Calm
2025-11-25 23:14:38,Calm
2025-11-25 23:14:38,Calm
2025-11-25 23:14:39,Calm
2025-11-25 23:14:39,Calm
2025-11-25 23:14:39,Calm
2025-11-25 23:14:40,Calm
2025-11-25 23:14:40,Calm
2025-11-25 23:14:41,Calm
2025-11-25 23:14:41,Calm
2025-11-25 23:14:41,Calm
2025-11-25 23:14:42,Calm
2025-11-25 23:14:42,Calm
2025-11-25 23:14:42,Calm
2025-11-25 23:14:43,Calm
2025-11-25 23:14:43,Calm
2025-11-25 23:14:43,Calm
2025-11-25 23:14:44,Calm
2025-11-25 23:14:44,Calm
2025-11-25 23:14:44,Calm
2025-11-25 23:14:45,Calm
2025-11-25 23:14:45,Calm
2025-11-25 23:14:46,Calm
2025-11-25 23:14:46,Calm
2025-11-25 23:14:46,Calm
2025-11-25 23:14:47,Calm
2025-11-25 23:14:47,Calm
2025-11-25 23:14:47,Surprised
2025-11-25 23:14:48,Surprised
2025-11-25 23:14:48,Surprised
2025-11-25 23:14:49,Surprised
2025-11-25 23:14:49,Surprised
2025-11-25 23:14:49,Calm
2025-11-25 23:14:50,Calm
2025-11-25 23:14:50,Calm
2025-11-25 23:14:50,Calm
2025-11-25 23:14:51,Calm
2025-11-25 23:14:51,Calm
2025-11-25 23:14:52,Calm
2025-11-25 23:14:52,Calm
2025-11-25 23:14:52,Calm
2025-11-25 23:14:53,Calm
2025-11-25 23:14:53,Calm
2025-11-25 23:14:53,Calm
2025-11-25 23:14:54,Angry
2025-11-25 23:14:54,Happy
2025-11-25 23:14:54,Calm
2025-11-25 23:14:55,Calm
2025-11-25 23:14:55,Calm
2025-11-25 23:14:56,Calm
2025-11-25 23:14:56,Calm
2025-11-25 23:14:56,Calm
2025-11-25 23:14:57,Calm
2025-11-25 23:14:57,Surprised
2025-11-25 23:14:57,Surprised
2025-11-25 23:14:58,Calm
2025-11-25 23:14:58,Calm
2025-11-25 23:14:59,Calm
2025-11-25 23:14:59,Calm
2025-11-25 23:14:59,Calm
2025-11-25 23:15:00,Calm
2025-11-25 23:15:00,Calm
2025-11-25 23:15:00,Calm
2025-11-25 23:15:01,Calm
2025-11-25 23:15:01,Calm
2025-11-25 23:15:02,Calm
2025-11-25 23:15:02,Calm
2025-11-25 23:15:02,Happy
2025-11-25 23:15:02,Calm
2025-11-25 23:15:03,Calm
2025-11-25 23:15:03,Happy
2025-11-25 23:15:03,Calm
2025-11-25 23:15:03,Calm
2025-11-25 23:15:04,Calm
2025-11-25 23:15:04,Calm
2025-11-25 23:15:04,Calm
2025-11-25 23:15:04,Happy
2025-11-25 23:15:05,Happy
2025-11-25 23:15:05,Calm
2025-11-25 23:15:05,Calm
2025-11-25 23:15:05,Happy
2025-11-25 23:15:06,Happy
2025-11-25 23:15:06,Calm
2025-11-25 23:15:06,Happy
2025-11-25 23:15:06,Calm
2025-11-25 23:15:07,Happy
2025-11-25 23:15:07,Calm
2025-11-25 23:15:07,Calm
2025-11-25 23:15:07,Happy
2025-11-25 23:15:08,Calm
2025-11-25 23:15:08,Happy
2025-11-25 23:15:08,Calm
2025-11-25 23:15:08,Calm
2025-11-25 23:15:09,Calm
2025-11-25 23:15:09,Happy
2025-11-25 23:15:09,Calm
2025-11-25 23:15:09,Calm
2025-11-25 23:15:10,Calm
2025-11-25 23:15:10,Calm
2025-11-25 23:15:10,Happy
2025-11-25 23:15:10,Calm
2025-11-25 23:15:10,Calm
2025-11-25 23:15:11,Calm
2025-11-25 23:15:11,Happy
2025-11-25 23:15:11,Calm
2025-11-25 23:15:11,Surprised
2025-11-25 23:15:12,Calm
2025-11-25 23:15:12,Happy
2025-11-25 23:15:12,Calm
2025-11-25 23:15:12,Surprised
2025-11-25 23:15:12,Calm
2025-11-25 23:15:13,Calm
2025-11-25 23:15:13,Calm
2025-11-25 23:15:13,Calm
2025-11-25 23:15:13,Calm
2025-11-25 23:15:14,Calm
2025-11-25 23:15:14,Happy
2025-11-25 23:15:14,Surprised
2025-11-25 23:15:14,Happy
2025-11-25 23:15:15,Surprised
2025-11-25 23:15:15,Happy
2025-11-25 23:15:15,Calm
2025-11-25 23:15:15,Happy
2025-11-25 23:15:16,Surprised
2025-11-25 23:15:16,Sad
2025-11-25 23:15:16,Surprised
2025-11-25 23:15:16,Sad
2025-11-25 23:15:17,Calm
2025-11-25 23:15:17,Calm
2025-11-25 23:15:17,Calm
2025-11-25 23:15:17,Calm
2025-11-25 23:15:17,Sad
2025-11-25 23:15:18,Calm
2025-11-25 23:15:18,Calm
2025-11-25 23:15:18,Calm
2025-11-25 23:15:18,Calm
2025-11-25 23:15:18,Calm
2025-11-25 23:15:19,Calm
2025-11-25 23:15:19,Calm
2025-11-25 23:15:19,Calm
2025-11-25 23:15:19,Calm
2025-11-25 23:15:20,Calm
2025-11-25 23:15:20,Calm
2025-11-25 23:15:20,Calm
2025-11-25 23:15:20,Calm
2025-11-25 23:15:20,Calm
2025-11-25 23:15:21,Sad
2025-11-25 23:15:21,Calm
2025-11-25 23:15:21,Calm
2025-11-25 23:15:22,Sad
2025-11-25 23:15:22,Calm
2025-11-25 23:15:22,Calm
2025-11-25 23:15:23,Calm
2025-11-25 23:15:23,Calm
2025-11-25 23:15:24,Calm
2025-11-25 23:15:24,Calm
2025-11-25 23:15:24,Happy
2025-11-25 23:15:24,Angry
2025-11-25 23:15:25,Calm
2025-11-25 23:15:25,Calm
2025-11-25 23:15:25,Calm
2025-11-25 23:15:25,Calm
2025-11-25 23:15:26,Surprised
2025-11-25 23:15:26,Calm
2025-11-25 23:15:26,Surprised
2025-11-25 23:15:26,Calm
2025-11-25 23:15:27,Surprised
2025-11-25 23:15:27,Calm
2025-11-25 23:15:27,Surprised
2025-11-25 23:15:27,Calm
2025-11-25 23:15:28,Calm
2025-11-25 23:15:28,Calm
2025-11-25 23:15:28,Calm
2025-11-25 23:15:29,Calm
2025-11-25 23:15:29,Calm
2025-11-25 23:15:30,Calm
2025-11-25 23:15:30,Calm
2025-11-25 23:15:30,Calm
2025-11-25 23:15:30,Calm
2025-11-25 23:15:31,Surprised
2025-11-25 23:15:31,Happy
2025-11-25 23:15:31,Surprised
2025-11-25 23:15:31,Calm
2025-11-25 23:15:32,Surprised
2025-11-25 23:15:32,Calm
2025-11-25 23:15:32,Calm
2025-11-25 23:15:32,Surprised
2025-11-25 23:15:33,Calm
2025-11-25 23:15:33,Calm
2025-11-25 23:15:33,Surprised
2025-11-25 23:15:33,Calm
2025-11-25 23:15:34,Happy
2025-11-25 23:15:34,Calm
2025-11-25 23:15:34,Calm
2025-11-25 23:15:34,Calm
2025-11-25 23:15:35,Happy
2025-11-25 23:15:35,Calm
2025-11-25 23:15:35,Happy
2025-11-25 23:15:35,Calm
2025-11-25 23:15:36,Happy
2025-11-25 23:15:36,Calm
2025-11-25 23:15:36,Happy
2025-11-25 23:15:36,Calm
2025-11-25 23:15:37,Calm
2025-11-25 23:15:37,Calm
2025-11-25 23:15:37,Happy
2025-11-25 23:15:37,Calm
2025-11-25 23:15:38,Happy
2025-11-25 23:15:38,Calm
2025-11-25 23:15:38,Happy
2025-11-25 23:15:38,Calm
2025-11-25 23:15:39,Calm
2025-11-25 23:15:39,Calm
2025-11-25 23:15:39,Calm
2025-11-25 23:15:39,Calm
2025-11-25 23:15:40,Calm
2025-11-25 23:15:40,Calm
2025-11-25 23:15:40,Sad
2025-11-25 23:15:40,Calm
2025-11-25 23:15:41,Calm
2025-11-25 23:15:41,Calm
2025-11-25 23:15:41,Calm
2025-11-25 23:15:42,Calm
2025-11-25 23:15:42,Calm
2025-11-25 23:15:42,Calm
2025-11-25 23:15:43,Calm
2025-11-25 23:15:43,Calm
2025-11-25 23:15:43,Calm
2025-11-25 23:15:44,Calm
2025-11-25 23:15:44,Calm
2025-11-25 23:15:45,Calm
2025-11-25 23:15:45,Calm
2025-11-25 23:15:45,Calm
2025-11-25 23:15:46,Sad
2025-11-25 23:15:46,Calm
2025-11-25 23:15:46,Calm
2025-11-25 23:15:46,Calm
2025-11-25 23:15:47,Calm
2025-11-25 23:15:47,Angry
2025-11-25 23:15:48,Calm
2025-11-25 23:15:48,Sad
2025-11-25 23:15:48,Calm
2025-11-25 23:15:48,Calm
2025-11-25 23:15:49,Calm
2025-11-25 23:15:49,Calm
2025-11-25 23:15:49,Calm
2025-11-25 23:15:49,Calm
2025-11-25 23:15:49,Angry
2025-11-25 23:15:50,Happy
2025-11-25 23:15:50,Calm
2025-11-25 23:15:50,Happy
2025-11-25 23:15:50,Calm
2025-11-25 23:15:51,Calm
2025-11-25 23:15:51,Sad
2025-11-25 23:15:51,Calm
2025-11-25 23:15:51,Sad
2025-11-25 23:15:52,Calm
2025-11-25 23:15:52,Calm
2025-11-25 23:15:52,Calm
2025-11-25 23:15:53,Happy
2025-11-25 23:15:53,Calm
2025-11-25 23:15:53,Calm
2025-11-25 23:15:54,Calm
2025-11-25 23:15:54,Calm
2025-11-25 23:15:54,Surprised
2025-11-25 23:15:55,Calm
2025-11-25 23:15:55,Calm
2025-11-25 23:15:55,Calm
2025-11-25 23:15:56,Surprised
2025-11-25 23:15:56,Calm
2025-11-25 23:15:56,Calm
2025-11-25 23:15:57,Calm
2025-11-25 23:15:57,Calm
2025-11-25 23:15:57,Calm
2025-11-25 23:15:58,Calm
2025-11-25 23:15:58,Calm
2025-11-25 23:15:59,Calm
2025-11-25 23:15:59,Calm
2025-11-25 23:15:59,Calm
2025-11-25 23:16:00,Calm
2025-11-25 23:16:00,Sad
2025-11-25 23:16:01,Sad
2025-11-25 23:16:01,Sad
2025-11-25 23:16:01,Sad
2025-11-25 23:16:02,Calm
2025-11-25 23:16:02,Sad
2025-11-25 23:16:02,Sad
2025-11-25 23:16:03,Happy
2025-11-25 23:16:03,Happy
2025-11-25 23:16:03,Happy
2025-11-25 23:16:04,Happy
2025-11-25 23:16:04,Happy
2025-11-25 23:16:04,Happy
2025-11-25 23:16:05,Happy
2025-11-25 23:16:05,Happy
2025-11-25 23:16:06,Happy
2025-11-25 23:16:06,Happy
2025-11-25 23:16:06,Happy
2025-11-25 23:16:07,Surprised
2025-11-25 23:16:07,Calm
2025-11-25 23:16:07,Happy
2025-11-26 17:50:44,Calm
2025-11-26 17:50:45,Calm
2025-11-26 17:50:45,Calm
2025-11-26 17:50:46,Calm
2025-11-26 17:50:46,Calm
2025-11-26 17:50:47,Calm
2025-11-26 17:50:47,Calm
2025-11-26 17:50:47,Calm
2025-11-26 17:50:48,Calm
2025-11-26 17:50:48,Calm
2025-11-26 17:50:49,Happy
2025-11-26 17:50:50,Happy
2025-11-26 17:50:50,Calm
2025-11-26 19:28:40,Calm
2025-11-26 19:28:41,Calm
2025-11-26 19:28:41,Happy
2025-11-26 19:28:42,Happy
2025-11-26 19:28:42,Calm
2025-11-26 19:28:42,Calm
2025-11-26 19:28:43,Calm
2025-11-26 19:28:43,Calm
2025-11-26 19:28:43,Calm
2025-11-26 19:28:44,Calm
2025-11-26 19:28:44,Calm
2025-11-26 19:28:44,Calm
2025-11-26 19:28:45,Calm
2025-11-26 19:28:45,Calm
2025-11-26 19:28:45,Calm
2025-11-26 19:28:46,Calm
2025-11-26 19:28:46,Calm
2025-11-26 19:28:46,Calm
2025-11-26 19:28:47,Sad
2025-11-26 19:28:47,Sad
2025-11-26 19:28:48,Calm
2025-11-26 19:28:48,Calm
2025-11-26 19:28:48,Calm
2025-11-26 19:28:49,Calm
2025-11-26 19:28:49,Calm
2025-11-26 19:28:49,Surprised
2025-11-26 19:28:50,Calm
2025-11-26 19:28:50,Calm
2025-11-26 19:28:50,Calm
2025-11-26 19:28:51,Calm
2025-11-26 19:28:51,Calm
2025-11-26 19:28:51,Calm
2025-11-26 19:28:52,Surprised
2025-11-26 19:28:52,Calm
2025-11-26 19:28:52,Calm
2025-11-26 19:28:53,Angry
2025-11-26 19:28:53,Calm
2025-11-26 19:28:53,Angry
2025-11-26 19:28:54,Calm
2025-11-26 19:28:54,Calm
2025-11-26 19:28:54,Calm
2025-11-26 19:28:55,Calm
2025-11-26 19:28:55,Surprised
2025-11-26 19:28:55,Surprised
2025-11-26 19:28:56,Surprised
2025-11-26 19:28:56,Surprised
2025-11-26 19:28:56,Calm
2025-11-26 19:28:57,Calm
2025-11-26 19:28:57,Calm
2025-11-26 19:28:58,Calm
2025-11-26 19:28:58,Calm
2025-11-26 19:28:58,Happy
2025-11-26 19:28:59,Happy
2025-11-26 19:28:59,Calm
2025-11-26 19:28:59,Calm
2025-11-26 19:29:00,Calm
2025-11-26 19:29:00,Calm
2025-11-26 19:29:00,Calm
2025-11-26 19:29:01,Calm
2025-11-26 19:29:01,Calm
2025-11-26 19:29:01,Calm
2025-11-26 19:29:02,Calm
2025-11-26 19:29:02,Calm
2025-11-26 19:29:02,Calm
2025-11-26 19:29:03,Calm
2025-11-26 19:29:03,Surprised
2025-11-26 19:29:03,Surprised
2025-11-26 19:29:04,Surprised
2025-11-26 19:29:04,Happy
2025-11-26 19:29:05,Happy
2025-11-26 19:29:05,Happy
2025-11-26 19:29:05,Happy
2025-11-26 19:29:06,Happy
2025-11-26 19:29:06,Happy
2025-11-26 19:29:06,Happy
2025-11-26 19:29:07,Happy
2025-11-26 19:29:07,Angry
2025-11-26 19:29:07,Angry
2025-11-26 19:29:08,Angry
2025-11-26 19:29:08,Angry
2025-11-26 19:29:08,Angry
2025-11-26 19:29:09,Angry
2025-11-26 19:29:09,Angry
2025-11-26 19:29:09,Angry
2025-11-26 19:29:10,Angry
2025-11-26 19:29:10,Angry
2025-11-26 19:29:11,Angry
2025-11-26 19:29:11,Scared
2025-11-26 19:29:11,Surprised
2025-11-26 19:29:12,Scared
2025-11-26 19:29:12,Surprised
2025-11-26 19:29:12,Surprised
2025-11-26 19:29:13,Scared
2025-11-26 19:29:13,Surprised
2025-11-26 19:29:13,Surprised
2025-11-26 19:29:14,Surprised
2025-11-26 19:29:14,Surprised
2025-11-26 19:29:14,Surprised
2025-11-26 19:29:15,Calm
2025-11-26 19:29:15,Surprised
2025-11-26 19:29:15,Calm
2025-11-26 19:29:16,Calm
2025-11-26 19:29:16,Calm
2025-11-26 19:29:16,Surprised
2025-11-26 19:29:17,Calm
2025-11-26 19:29:17,Surprised
2025-11-26 19:29:17,Surprised
2025-11-26 19:29:18,Surprised
2025-11-26 19:29:18,Happy
2025-11-26 19:29:18,Happy
2025-11-26 19:29:19,Happy
2025-11-26 19:29:19,Happy
2025-11-26 19:29:19,Happy
2025-11-26 19:29:20,Happy
2025-11-26 19:29:20,Happy
2025-11-26 19:29:20,Happy
2025-11-26 19:29:21,Angry
2025-11-26 19:29:21,Angry
2025-11-26 19:29:22,Angry
2025-11-26 19:29:22,Angry
2025-11-26 19:29:22,Angry
2025-11-26 19:29:23,Calm
2025-11-26 19:29:23,Calm
2025-11-26 19:29:23,Calm
2025-11-26 19:29:24,Calm
2025-11-26 19:29:24,Calm
2025-11-26 19:29:24,Calm
2025-11-26 19:29:25,Calm
2025-11-26 19:29:25,Calm
2025-11-26 19:29:25,Happy
2025-11-26 19:29:26,Calm
2025-11-26 19:29:26,Calm
2025-11-26 19:29:26,Sad
2025-11-26 19:29:27,Calm
2025-11-26 19:29:27,Calm
2025-11-26 19:29:27,Calm
2025-11-26 19:29:27,Calm
2025-11-26 19:29:28,Calm
2025-11-26 19:29:28,Calm
2025-11-26 19:29:28,Surprised
2025-11-26 19:29:29,Surprised
2025-11-26 19:29:29,Surprised
2025-11-26 19:29:29,Surprised
2025-11-26 19:29:30,Surprised
2025-11-26 19:29:30,Surprised
2025-11-26 19:29:31,Calm
2025-11-26 19:29:31,Calm
2025-11-26 19:29:31,Calm
2025-11-26 19:29:32,Calm
2025-11-26 19:29:32,Calm
2025-11-26 19:29:32,Calm
2025-11-26 19:29:33,Calm
2025-11-26 19:29:33,Calm
2025-11-26 19:29:33,Calm
2025-11-26 19:29:34,Calm
2025-11-26 19:29:34,Calm
2025-11-26 19:29:34,Calm
2025-11-26 19:29:35,Calm
2025-11-26 19:29:35,Calm
2025-11-26 19:29:35,Calm
2025-11-26 19:29:36,Calm
2025-11-26 19:29:36,Calm
2025-11-26 19:29:36,Calm
2025-11-26 19:29:37,Calm
2025-11-26 19:29:37,Calm
2025-11-26 19:29:37,Calm
2025-11-26 19:29:38,Calm
2025-11-26 19:29:38,Calm
2025-11-26 19:29:38,Calm
2025-11-26 19:29:39,Calm
2025-11-26 19:29:39,Calm
2025-11-26 19:29:39,Calm
2025-11-26 19:29:40,Calm
2025-11-26 19:29:40,Calm
2025-11-26 19:29:40,Calm
2025-11-26 19:29:41,Calm
2025-11-26 19:29:41,Calm
2025-11-26 19:29:42,Calm
2025-11-26 19:29:42,Happy
2025-11-26 19:29:42,Happy
2025-11-26 19:29:43,Happy
2025-11-26 19:29:43,Calm
2025-11-26 19:29:43,Calm
2025-11-26 19:29:44,Calm
2025-11-26 19:29:44,Calm
2025-11-26 19:29:44,Calm
2025-11-26 19:29:45,Calm
2025-11-26 19:29:45,Calm
2025-11-26 19:29:45,Calm
2025-11-26 19:29:46,Calm
2025-11-26 19:29:46,Calm
2025-11-26 19:29:46,Calm
2025-11-26 19:29:47,Calm
2025-11-26 19:29:47,Calm
2025-11-26 19:29:47,Surprised
2025-11-26 19:29:48,Surprised
2025-11-26 19:29:48,Surprised
2025-11-26 19:29:48,Surprised
2025-11-26 19:29:49,Surprised
2025-11-26 19:29:49,Surprised
2025-11-26 19:29:49,Surprised
2025-11-26 19:29:50,Surprised
2025-11-26 19:29:50,Surprised
2025-11-26 19:29:50,Surprised
2025-11-26 19:29:51,Surprised
2025-11-26 19:29:51,Surprised
2025-11-26 19:29:51,Surprised
2025-11-26 19:29:52,Surprised
2025-11-26 19:29:52,Surprised
2025-11-26 19:29:52,Surprised
2025-11-26 19:29:53,Calm
2025-11-26 19:29:53,Calm
2025-11-26 19:29:53,Calm
2025-11-26 19:29:54,Calm
2025-11-26 19:29:54,Calm
2025-11-26 19:29:54,Calm
2025-11-26 19:29:55,Calm
2025-11-26 19:29:55,Calm
2025-11-26 19:29:55,Calm
2025-11-26 19:29:56,Calm
2025-11-26 19:29:56,Happy
2025-11-26 19:29:56,Calm
2025-11-26 19:29:57,Calm
2025-11-26 19:29:57,Calm
2025-11-26 19:29:57,Calm
2025-11-26 19:29:58,Calm
2025-11-26 19:29:58,Calm
2025-11-26 19:29:58,Calm
2025-11-26 19:29:59,Calm
2025-11-26 19:29:59,Calm
2025-11-26 19:29:59,Calm
2025-11-26 19:30:00,Calm
2025-11-26 19:30:00,Calm
2025-11-26 19:30:00,Calm
2025-11-26 19:30:01,Calm
2025-11-26 19:30:01,Calm
2025-11-26 19:30:01,Calm
2025-11-26 19:30:02,Calm
2025-11-26 19:30:02,Calm
2025-11-26 19:30:02,Calm
2025-11-26 19:30:03,Calm
2025-11-26 19:30:03,Calm
2025-11-26 19:30:03,Calm
2025-11-26 19:30:04,Calm
2025-11-26 19:30:04,Calm
2025-11-26 19:30:04,Calm
2025-11-26 19:30:05,Calm
2025-11-26 19:30:05,Happy
2025-11-26 19:30:05,Happy
2025-11-26 19:30:06,Happy
2025-11-26 19:30:06,Calm
2025-11-26 19:30:06,Calm
2025-11-26 19:30:07,Calm
2025-11-26 19:30:07,Calm
2025-11-26 19:30:07,Calm
2025-11-26 19:30:08,Calm
2025-11-26 19:30:08,Calm
2025-11-26 19:30:09,Calm
2025-11-26 19:30:09,Calm
2025-11-26 19:30:09,Calm
2025-11-26 19:30:10,Calm
2025-11-26 19:30:10,Calm
2025-11-26 19:30:10,Calm
2025-11-26 19:30:11,Calm
2025-11-26 19:30:11,Calm
2025-11-26 19:30:11,Calm
2025-11-26 19:30:12,Calm
2025-11-26 19:30:12,Calm
2025-11-26 19:30:12,Calm
2025-11-26 19:30:13,Calm
2025-11-26 19:30:13,Happy
2025-11-26 19:30:13,Calm
2025-11-26 19:30:14,Calm
2025-11-26 19:30:14,Calm
2025-11-26 19:30:14,Calm
2025-11-26 19:30:15,Calm
2025-11-26 19:30:15,Calm
2025-11-26 19:30:15,Calm
2025-11-26 19:30:16,Calm
2025-11-26 19:30:16,Calm
2025-11-26 19:30:16,Surprised
2025-11-26 19:30:17,Calm
2025-11-26 19:30:17,Calm
2025-11-26 19:30:17,Calm
2025-11-26 19:30:18,Calm
2025-11-26 19:30:18,Calm
2025-11-26 19:30:18,Calm
2025-11-26 19:30:19,Calm
2025-11-26 19:30:19,Calm
2025-11-26 19:30:19,Calm
2025-11-26 19:30:20,Calm
2025-11-26 19:30:20,Calm
2025-11-26 19:30:20,Calm
2025-11-26 19:30:21,Calm
2025-11-26 19:30:21,Surprised
2025-11-26 19:30:21,Calm
2025-11-26 19:42:52,Calm
2025-11-26 19:42:52,Happy
2025-11-26 19:42:53,Calm
2025-11-26 19:42:53,Calm
2025-11-26 19:42:53,Calm
2025-11-26 19:42:54,Calm
2025-11-26 19:42:54,Calm
2025-11-26 19:42:54,Calm
2025-11-26 19:42:55,Calm
2025-11-26 19:42:55,Calm
2025-11-26 19:42:56,Calm
2025-11-26 19:42:56,Happy
2025-11-26 19:42:56,Calm
2025-11-26 19:42:57,Happy
2025-11-26 19:42:57,Happy
2025-11-26 19:42:57,Happy
2025-11-26 19:42:58,Happy
2025-11-26 19:42:58,Happy
2025-11-26 19:42:58,Surprised
2025-11-26 19:42:59,Surprised
2025-11-26 19:42:59,Surprised
2025-11-26 19:42:59,Surprised
2025-11-26 19:43:00,Surprised
2025-11-26 19:43:00,Calm
2025-11-26 19:43:00,Calm
2025-11-26 19:43:01,Calm
2025-11-26 19:43:01,Calm
2025-11-26 19:43:01,Surprised
2025-11-26 19:43:02,Surprised
2025-11-26 19:43:02,Surprised
2025-11-26 19:43:02,Surprised
2025-11-26 19:43:03,Calm
2025-11-26 19:43:03,Calm
2025-11-26 19:43:04,Calm
2025-11-26 19:43:04,Calm
2025-11-26 19:43:04,Scared
2025-11-26 19:43:05,Calm
2025-11-26 19:43:05,Calm
2025-11-26 19:43:05,Calm
2025-11-26 19:43:06,Calm
2025-11-26 19:43:06,Calm
2025-11-26 19:43:06,Calm
2025-11-26 19:43:07,Calm
2025-11-26 19:43:07,Calm
2025-11-26 19:43:07,Calm
2025-11-26 19:43:08,Calm
2025-11-26 19:43:08,Calm
2025-11-26 22:10:29,Calm
2025-11-26 22:10:29,Calm
2025-11-26 22:10:30,Calm
2025-11-26 22:10:30,Calm
2025-11-26 22:10:30,Calm
2025-11-26 22:10:31,Calm
2025-11-26 22:10:31,Calm
2025-11-26 22:10:31,Calm
2025-11-26 22:10:32,Calm
2025-11-26 22:10:32,Calm
2025-11-26 22:10:32,Calm
2025-11-26 22:10:33,Calm
2025-11-26 22:10:33,Calm
2025-11-26 22:10:33,Calm
2025-11-26 22:10:34,Calm
2025-11-26 22:10:34,Calm
2025-11-26 22:10:35,Surprised
2025-11-26 22:10:35,Surprised
2025-11-26 22:10:35,Surprised
2025-11-26 22:10:36,Angry
2025-11-26 22:10:36,Calm
2025-11-26 22:10:36,Calm
2025-11-26 22:10:37,Happy
2025-11-26 22:10:37,Happy
2025-11-26 22:10:37,Happy
2025-11-26 22:10:38,Happy
2025-11-26 22:10:38,Sad
2025-11-26 22:10:38,Calm
2025-11-26 22:10:39,Calm
2025-11-26 22:10:39,Calm
2025-11-26 22:10:39,Calm
2025-11-26 22:10:40,Calm
2025-11-26 22:10:40,Calm
2025-11-26 22:10:40,Calm
2025-11-26 22:10:41,Calm
2025-11-26 22:10:41,Calm
2025-11-26 22:10:41,Calm
2025-11-26 22:10:42,Calm
2025-11-26 22:10:42,Calm
2025-11-26 22:10:42,Calm
2025-11-26 22:10:43,Calm
2025-11-26 22:10:43,Calm
2025-11-26 22:10:43,Calm
2025-11-26 22:10:44,Surprised
2025-11-26 22:10:44,Calm
2025-11-26 22:10:44,Calm
2025-11-26 22:10:45,Surprised
2025-11-26 22:10:45,Calm
2025-11-26 22:10:46,Calm
2025-11-26 22:10:46,Calm
2025-11-26 22:10:46,Calm
2025-11-26 22:10:47,Calm
2025-11-26 22:10:47,Calm
2025-11-26 22:10:48,Calm
2025-11-26 22:10:48,Calm
2025-11-26 22:10:48,Calm
2025-11-26 22:10:49,Calm
2025-11-26 22:10:49,Calm
2025-11-26 22:16:43,Calm
2025-11-26 22:16:43,Calm
2025-11-26 22:16:44,Calm
2025-11-26 22:16:44,Calm
2025-11-26 22:16:44,Calm
2025-11-26 22:16:45,Sad
2025-11-26 22:16:45,Sad
2025-11-26 22:16:46,Calm
2025-11-26 22:16:46,Calm
2025-11-26 22:16:46,Calm
2025-11-26 22:16:47,Calm
2025-11-26 22:16:47,Calm
2025-11-26 22:16:47,Calm
2025-11-26 22:16:48,Calm
2025-11-26 22:16:48,Calm
2025-11-26 22:16:48,Sad
2025-11-26 22:16:49,Calm
2025-11-26 22:16:49,Happy
2025-11-26 22:16:49,Happy
2025-11-26 22:16:50,Happy
2025-11-26 22:16:50,Sad
2025-11-26 22:16:51,Calm
2025-11-26 22:16:51,Angry
2025-11-26 22:16:51,Scared
2025-11-26 22:16:52,Happy
2025-11-26 22:16:52,Calm
2025-11-26 22:16:52,Happy
2025-11-26 22:16:52,Sad
2025-11-26 22:16:53,Sad
2025-11-26 22:16:53,Calm
2025-11-26 22:16:54,Sad
2025-11-26 22:16:54,Calm
2025-11-26 22:16:54,Sad
2025-11-26 22:16:55,Calm
2025-11-26 22:16:55,Happy
2025-11-26 22:16:55,Sad
2025-11-26 22:16:56,Sad
2025-11-26 22:16:56,Calm
2025-11-26 22:16:57,Calm
2025-11-26 22:16:57,Calm
2025-11-26 22:16:57,Calm
2025-11-26 22:16:58,Sad
2025-11-26 22:16:58,Sad
2025-11-26 22:16:58,Sad
2025-11-26 22:16:59,Sad
2025-11-26 22:22:29,Calm
2025-11-26 22:22:30,Sad
2025-11-26 22:22:30,Sad
2025-11-26 22:22:31,Calm
2025-11-26 22:22:31,Sad
2025-11-26 22:22:31,Sad
2025-11-26 22:22:32,Sad
2025-11-26 22:22:32,Calm
2025-11-26 22:22:32,Calm
2025-11-26 22:22:33,Calm
2025-11-26 22:22:33,Calm
2025-11-26 22:22:34,Calm
2025-11-26 22:22:34,Calm
2025-11-26 22:22:34,Calm
2025-11-26 22:22:35,Calm
2025-11-26 22:22:35,Calm
2025-11-26 22:22:35,Calm
2025-11-26 22:22:36,Sad
2025-11-26 22:22:36,Calm
2025-11-26 22:22:36,Happy
2025-11-26 22:22:37,Happy
2025-11-26 22:22:37,Happy
2025-11-26 22:22:37,Happy
2025-11-26 22:22:38,Calm
2025-11-26 22:22:38,Sad
2025-11-26 22:22:39,Calm
2025-11-26 22:22:39,Calm
2025-11-26 22:22:39,Sad
2025-11-26 22:28:47,Sad
2025-11-26 22:28:48,Sad
2025-11-26 22:28:48,Calm
2025-11-26 22:28:48,Calm
2025-11-26 22:28:49,Calm
2025-11-26 22:28:49,Calm
2025-11-26 22:28:49,Calm
2025-11-26 22:28:50,Sad
2025-11-26 22:28:50,Sad
2025-11-26 22:28:50,Sad
2025-11-26 22:28:51,Calm
2025-11-26 22:28:51,Calm
2025-11-26 22:28:52,Calm
2025-11-26 22:28:52,Calm
2025-11-26 22:28:52,Calm
2025-11-26 22:28:53,Calm
2025-11-26 22:28:53,Happy
2025-11-26 22:28:53,Happy
2025-11-26 22:28:54,Happy
2025-11-26 22:28:54,Happy
2025-11-26 22:28:55,Happy
2025-11-26 22:28:55,Sad
2025-11-26 22:28:55,Sad
2025-11-26 22:29:34,Calm
2025-11-26 22:29:35,Sad
2025-11-26 22:29:35,Angry
2025-11-26 22:29:36,Sad
2025-11-26 22:29:36,Sad
2025-11-26 22:29:37,Sad
2025-11-26 22:29:37,Sad
2025-11-26 22:29:37,Sad
2025-11-26 22:29:38,Sad
2025-11-26 22:29:38,Happy
2025-11-26 22:29:38,Happy
2025-11-26 22:29:39,Happy
2025-11-26 22:29:39,Happy
2025-11-26 22:29:39,Calm
2025-11-26 22:29:40,Sad
2025-11-26 22:29:40,Sad
2025-11-26 22:29:40,Sad
2025-11-26 22:29:41,Sad
2025-11-26 22:33:11,Calm
2025-11-26 22:33:12,Calm
2025-11-26 22:33:12,Calm
2025-11-26 22:33:13,Calm
2025-11-26 22:33:13,Calm
2025-11-26 22:33:13,Calm
2025-11-26 22:33:14,Calm
2025-11-26 22:33:14,Calm
2025-11-26 22:33:14,Sad
2025-11-26 22:33:15,Sad
2025-11-26 22:33:15,Sad
2025-11-26 22:33:16,Sad
2025-11-26 22:33:16,Happy
2025-11-26 22:33:16,Happy
2025-11-26 22:33:17,Happy
2025-11-26 22:33:17,Happy
2025-11-26 22:33:17,Angry
2025-11-26 22:33:18,Surprised
2025-11-26 22:33:19,Surprised
2025-11-26 22:33:19,Scared
2025-11-26 22:33:19,Surprised
2025-11-26 22:33:20,Sad
2025-11-26 22:33:20,Sad
2025-11-26 22:33:20,Sad
2025-11-26 22:33:21,Sad
2025-11-26 22:33:21,Sad
2025-11-26 22:33:21,Sad
2025-11-26 22:33:22,Sad
2025-11-26 22:33:22,Sad
2025-11-26 22:33:22,Calm
2025-11-26 22:33:23,Sad
2025-11-26 22:33:23,Calm
2025-11-26 22:33:23,Sad
2025-11-26 22:33:24,Sad
2025-11-26 22:34:15,Calm
2025-11-26 22:34:16,Sad
2025-11-26 22:34:16,Sad
2025-11-26 22:34:16,Calm
2025-11-26 22:34:17,Happy
2025-11-26 22:34:17,Happy
2025-11-26 22:34:18,Happy
2025-11-26 22:34:20,Sad
2025-11-26 22:34:21,Sad
2025-11-26 22:34:21,Calm
2025-11-26 22:34:21,Sad
2025-11-26 22:34:22,Calm
2025-11-26 22:34:22,Surprised
2025-11-26 22:34:22,Scared
2025-11-26 22:34:23,Happy
2025-11-26 22:34:23,Happy
2025-11-26 22:34:23,Happy
2025-11-26 22:34:24,Happy
2025-11-26 22:34:24,Happy
2025-11-26 22:34:25,Happy
2025-11-26 22:34:25,Angry
2025-11-26 22:34:25,Angry
2025-11-26 22:34:26,Angry
2025-11-26 22:34:26,Angry
2025-11-26 22:34:26,Angry
2025-11-26 22:34:27,Sad
2025-11-26 22:34:27,Sad
2025-11-26 22:34:27,Sad
2025-11-26 22:34:28,Calm
2025-11-26 22:34:28,Calm
2025-11-26 22:37:43,Sad
2025-11-26 22:37:44,Sad
2025-11-26 22:37:44,Sad
2025-11-26 22:37:44,Sad
2025-11-26 22:37:45,Sad
2025-11-26 22:37:45,Happy
2025-11-26 22:37:45,Happy
2025-11-26 22:37:46,Happy
2025-11-26 22:37:46,Happy
2025-11-26 22:37:46,Calm
2025-11-26 22:37:47,Calm
2025-11-26 22:37:47,Calm
2025-11-26 22:37:48,Sad
2025-11-26 22:37:48,Calm
2025-11-26 22:37:48,Happy
2025-11-26 22:37:49,Disgusted
2025-11-26 22:37:49,Disgusted
2025-11-26 22:37:49,Angry
2025-11-26 22:37:50,Angry
2025-11-26 22:37:50,Disgusted
2025-11-26 22:37:50,Sad
2025-11-26 22:37:51,Sad
2025-11-26 22:37:51,Sad
2025-11-26 22:37:51,Sad
2025-11-26 22:46:30,Calm
2025-11-26 22:46:31,Calm
2025-11-26 22:46:31,Calm
2025-11-26 22:46:31,Calm
2025-11-26 22:46:32,Calm
2025-11-26 22:46:32,Calm
2025-11-26 22:46:33,Calm
2025-11-26 22:46:33,Calm
2025-11-26 22:46:33,Calm
2025-11-26 22:46:34,Happy
2025-11-26 22:46:34,Happy
2025-11-26 22:46:34,Happy
2025-11-26 22:46:35,Happy
2025-11-26 22:46:35,Happy
2025-11-26 22:46:35,Sad
2025-11-26 22:46:36,Sad
2025-11-26 22:46:36,Sad
2025-11-26 22:46:36,Sad
2025-11-26 22:46:37,Sad
2025-11-26 22:46:37,Sad
2025-11-26 22:46:37,Angry
2025-11-26 22:46:38,Sad
2025-11-26 22:46:38,Sad
2025-11-26 22:47:02,Sad
2025-11-26 22:47:02,Calm
2025-11-26 22:47:02,Happy
2025-11-26 22:47:03,Calm
2025-11-26 22:47:03,Happy
2025-11-26 22:47:03,Happy
2025-11-26 22:47:04,Angry
2025-11-26 22:47:04,Happy
2025-11-26 22:47:04,Happy
2025-11-26 22:47:05,Happy
2025-11-26 22:47:05,Sad
2025-11-26 22:47:06,Sad
2025-11-26 22:47:06,Calm
2025-11-26 22:47:06,Calm
2025-11-26 22:47:07,Calm
2025-11-26 22:47:07,Calm
2025-11-26 22:47:07,Calm
2025-11-26 22:47:08,Sad
2025-11-26 22:47:08,Sad
2025-11-26 22:47:09,Sad
2025-11-26 22:47:09,Sad
2025-11-26 22:47:09,Sad
2025-11-26 22:47:10,Sad
2025-11-26 22:47:10,Sad
2025-11-26 22:47:10,Happy
2025-11-26 22:47:11,Calm
2025-11-26 22:47:11,Calm
2025-11-26 22:47:12,Calm
2025-11-26 22:47:12,Sad
2025-11-26 22:47:12,Sad
2025-11-26 22:47:13,Calm
2025-11-26 22:47:13,Sad
2025-11-26 22:47:14,Sad
2025-11-26 22:48:25,Calm
2025-11-26 22:48:25,Sad
2025-11-26 22:48:26,Calm
2025-11-26 22:48:26,Happy
2025-11-26 22:48:26,Happy
2025-11-26 22:48:27,Happy
2025-11-26 22:48:27,Happy
2025-11-26 22:48:27,Happy
2025-11-26 22:48:28,Happy
2025-11-26 22:48:28,Happy
2025-11-26 22:48:29,Happy
2025-11-26 22:48:29,Angry
2025-11-26 22:48:29,Calm
2025-11-26 22:48:30,Calm
2025-11-26 22:48:30,Calm
2025-11-26 22:48:30,Calm
2025-11-26 22:48:31,Sad
2025-11-26 22:59:37,Calm
2025-11-26 22:59:38,Calm
2025-11-26 22:59:38,Calm
2025-11-26 22:59:38,Calm
2025-11-26 22:59:39,Sad
2025-11-26 22:59:39,Sad
2025-11-26 22:59:39,Sad
2025-11-26 22:59:40,Sad
2025-11-26 22:59:40,Sad
2025-11-26 23:51:07,Calm
2025-11-26 23:51:07,Calm
2025-11-26 23:51:08,Calm
2025-11-26 23:51:08,Calm
2025-11-26 23:51:09,Calm
2025-11-26 23:51:09,Calm
2025-11-26 23:51:09,Calm
2025-11-26 23:51:10,Sad
2025-11-26 23:51:10,Sad
2025-11-26 23:51:10,Sad
2025-11-26 23:51:11,Calm
2025-11-26 23:51:11,Sad
2025-11-26 23:51:11,Sad
2025-11-26 23:51:12,Sad
2025-11-26 23:51:12,Sad
2025-11-26 23:51:13,Sad
2025-11-26 23:51:13,Sad
2025-11-26 23:51:13,Sad
2025-11-26 23:51:14,Sad
2025-11-26 23:51:14,Happy
2025-11-26 23:51:14,Happy
2025-11-26 23:51:15,Happy
2025-11-26 23:51:15,Happy
2025-11-26 23:51:15,Happy
2025-11-26 23:51:16,Happy
2025-11-26 23:51:16,Happy
2025-11-26 23:51:17,Happy
2025-11-26 23:51:17,Happy
2025-11-26 23:51:17,Happy
2025-11-26 23:56:55,Calm
2025-11-26 23:56:55,Calm
2025-11-26 23:56:56,Calm
2025-11-26 23:56:56,Calm
2025-11-26 23:56:56,Calm
2025-11-26 23:56:57,Happy
2025-11-26 23:56:57,Calm
2025-11-26 23:56:57,Calm
2025-11-26 23:56:58,Calm
2025-11-26 23:56:58,Calm
2025-11-26 23:56:59,Calm
2025-11-26 23:56:59,Calm
2025-11-26 23:56:59,Sad
2025-11-26 23:57:00,Angry
2025-11-26 23:57:00,Calm
2025-11-26 23:57:00,Calm
2025-11-26 23:57:01,Calm
2025-11-26 23:57:53,Calm
2025-11-26 23:57:53,Calm
2025-11-26 23:57:54,Calm
2025-11-26 23:57:54,Sad
2025-11-26 23:57:54,Happy
2025-11-26 23:57:55,Happy
2025-11-26 23:57:55,Happy
2025-11-26 23:57:56,Happy
2025-11-26 23:57:56,Happy
2025-11-26 23:57:56,Sad
2025-11-26 23:57:57,Sad
2025-11-26 23:57:57,Happy
2025-11-26 23:57:57,Happy
2025-11-26 23:57:58,Happy
2025-11-26 23:57:58,Happy
2025-11-26 23:57:58,Happy
2025-11-26 23:57:59,Sad
2025-11-26 23:57:59,Happy
2025-11-26 23:57:59,Happy
2025-11-26 23:58:00,Happy
2025-11-26 23:58:00,Angry
2025-11-26 23:58:01,Happy
2025-11-26 23:58:02,Happy
2025-11-26 23:58:02,Happy
2025-11-26 23:58:02,Sad
2025-11-26 23:58:03,Happy
2025-11-26 23:58:03,Sad
2025-11-26 23:58:03,Sad
2025-11-26 23:58:04,Sad
2025-11-26 23:58:04,Sad
2025-11-26 23:58:04,Sad
2025-11-26 23:58:05,Sad
2025-11-26 23:58:05,Sad
2025-11-26 23:58:05,Sad
2025-11-26 23:58:06,Sad
2025-11-26 23:58:06,Sad
2025-11-26 23:58:07,Sad
2025-11-26 23:58:07,Sad
2025-11-26 23:58:07,Sad
2025-11-26 23:58:08,Sad
2025-11-26 23:58:08,Sad
2025-11-27 00:00:38,Calm
2025-11-27 00:00:38,Calm
2025-11-27 00:00:38,Calm
2025-11-27 00:00:39,Calm
2025-11-27 00:00:39,Calm
2025-11-27 00:00:39,Calm
2025-11-27 00:00:39,Calm
2025-11-27 00:00:40,Calm
2025-11-27 00:00:40,Calm
2025-11-27 00:00:40,Calm
2025-11-27 00:00:41,Calm
2025-11-27 00:00:41,Calm
2025-11-27 00:00:41,Calm
2025-11-27 00:00:42,Calm
2025-11-27 00:00:42,Calm
2025-11-27 00:00:43,Calm
2025-11-27 00:00:43,Happy
2025-11-27 00:00:44,Happy
2025-11-27 00:00:44,Calm
2025-11-27 00:00:45,Happy
2025-11-27 00:00:45,Calm
2025-11-27 00:00:45,Calm
2025-11-27 00:00:46,Calm
2025-11-27 00:00:46,Calm
2025-11-27 00:00:47,Calm
2025-11-27 00:00:47,Disgusted
2025-11-27 00:00:48,Scared
2025-11-27 00:00:48,Calm
2025-11-27 00:00:48,Calm
2025-11-27 00:00:49,Calm
2025-11-27 00:00:49,Calm
2025-11-27 00:00:49,Calm
2025-11-27 00:00:50,Calm
2025-11-27 00:00:50,Calm
2025-11-27 00:00:51,Calm
2025-11-27 00:00:51,Calm
2025-11-27 00:00:51,Calm
2025-11-27 00:00:52,Calm
2025-11-27 00:00:52,Calm
2025-11-27 00:00:53,Calm
2025-11-27 00:00:53,Calm
2025-11-27 00:00:53,Calm
2025-11-27 00:00:54,Calm
2025-11-27 00:00:54,Calm
2025-11-27 00:00:54,Calm
2025-11-27 00:00:55,Calm
2025-11-27 00:00:55,Calm
2025-11-27 00:00:55,Calm
2025-11-27 00:00:56,Calm
2025-11-27 00:00:56,Calm
2025-11-27 00:00:56,Calm
2025-11-27 00:00:57,Calm
2025-11-27 00:03:18,Calm
2025-11-27 00:03:18,Calm
2025-11-27 00:03:18,Calm
2025-11-27 00:03:19,Calm
2025-11-27 00:03:19,Calm
2025-11-27 00:03:19,Calm
2025-11-27 00:03:20,Calm
2025-11-27 00:03:20,Calm
2025-11-27 00:03:21,Calm
2025-11-27 00:03:21,Calm
2025-11-27 00:03:21,Calm
2025-11-27 00:03:22,Happy
2025-11-27 00:03:22,Happy
2025-11-27 00:03:22,Happy
2025-11-27 00:03:23,Calm
2025-11-27 00:03:23,Calm
2025-11-27 00:03:23,Angry
2025-11-27 00:03:24,Angry
2025-11-27 00:03:24,Calm
2025-11-27 00:03:24,Calm
2025-11-27 00:03:25,Calm
2025-11-27 00:03:25,Calm
2025-11-27 00:03:25,Surprised
2025-11-27 00:03:26,Surprised
2025-11-27 00:03:26,Surprised
2025-11-27 00:03:27,Scared
2025-11-27 00:03:27,Surprised
2025-11-27 00:03:27,Calm
2025-11-27 00:03:28,Calm
2025-11-27 00:03:28,Calm
2025-11-27 00:03:28,Calm
2025-11-27 00:03:29,Scared
2025-11-27 00:03:29,Scared
2025-11-27 00:03:29,Calm
2025-11-27 00:03:30,Calm
2025-11-27 00:03:30,Calm
2025-11-27 00:03:30,Calm
2025-11-27 00:03:31,Calm
2025-11-27 00:03:31,Happy
2025-11-27 00:03:31,Happy
2025-11-27 00:03:32,Happy
2025-11-27 00:03:32,Calm
2025-11-27 00:03:32,Calm
2025-11-27 00:03:33,Calm
2025-11-27 00:03:33,Happy
2025-11-27 00:03:33,Happy
2025-11-27 00:03:34,Happy
2025-11-27 00:03:34,Happy
2025-11-27 00:03:34,Happy
2025-11-27 00:03:35,Calm
2025-11-27 00:03:35,Calm
2025-11-27 00:03:35,Calm
2025-11-27 08:42:20,Sad
2025-11-27 08:42:20,Sad
2025-11-27 08:42:21,Sad
2025-11-27 08:42:21,Calm
2025-11-27 08:42:21,Calm
2025-11-27 08:42:22,Happy
2025-11-27 08:42:22,Sad
2025-11-27 08:42:23,Sad
2025-11-27 08:42:23,Calm
2025-11-27 08:42:23,Calm
2025-11-27 08:42:24,Calm
2025-11-27 08:42:24,Calm
2025-11-27 08:42:24,Calm
2025-11-27 08:42:25,Calm
2025-11-27 08:42:25,Happy
2025-11-27 08:42:26,Happy
2025-11-27 08:42:26,Happy
2025-11-27 08:42:26,Happy
2025-11-27 08:42:27,Calm
2025-11-27 08:42:27,Sad
2025-11-27 08:42:27,Sad
2025-11-27 08:42:28,Sad
2025-11-27 08:42:28,Sad
2025-11-27 08:42:28,Calm
2025-11-27 08:42:29,Calm
2025-11-27 08:42:29,Calm
2025-11-27 08:42:30,Calm
2025-11-27 08:42:30,Angry
2025-11-27 08:42:30,Calm
2025-11-27 08:42:31,Angry
2025-11-27 08:42:31,Angry
2025-11-27 08:42:31,Angry
2025-11-27 08:42:32,Angry
2025-11-27 08:42:32,Angry
2025-11-27 08:42:33,Calm
2025-11-27 08:42:33,Surprised
2025-11-27 08:42:33,Calm
2025-11-27 08:42:34,Scared
2025-11-27 08:42:34,Happy
2025-11-27 08:42:34,Scared
2025-11-27 08:42:35,Scared
2025-11-27 08:42:35,Calm
2025-11-27 08:42:35,Sad
2025-11-27 08:42:36,Calm
2025-11-27 08:42:36,Calm
2025-11-27 08:42:37,Calm
2025-11-27 08:42:37,Calm
2025-11-27 08:42:37,Calm
2025-11-27 08:42:38,Calm
2025-11-27 08:42:38,Calm
2025-11-27 08:42:38,Calm
2025-11-27 08:42:39,Calm
2025-11-27 08:42:39,Calm
2025-11-27 08:42:40,Calm
2025-11-27 08:42:40,Calm
2025-11-27 08:42:40,Calm
2025-11-27 08:42:41,Calm
2025-11-27 08:42:41,Happy
2025-11-27 08:42:41,Happy
2025-11-27 08:42:42,Happy
2025-11-27 08:42:42,Happy
2025-11-27 08:42:42,Happy
2025-11-27 08:42:43,Calm
2025-11-27 08:42:43,Calm
2025-11-27 08:42:44,Sad
2025-11-27 08:42:44,Calm
2025-11-27 08:42:44,Sad
2025-11-27 08:42:44,Angry
2025-11-27 08:42:45,Sad
2025-11-27 08:42:45,Calm
2025-11-27 08:42:45,Calm
2025-11-27 08:42:46,Angry
2025-11-27 08:42:46,Sad
2025-11-27 08:42:47,Angry
2025-11-27 08:42:47,Sad
2025-11-27 08:42:47,Sad
2025-11-27 08:42:48,Angry
2025-11-27 08:42:48,Sad
2025-11-27 08:42:48,Sad
2025-11-27 08:42:49,Sad
2025-11-27 08:42:49,Calm
2025-11-27 08:42:50,Calm
2025-11-27 08:42:50,Calm
2025-11-27 08:42:50,Scared
2025-11-27 08:42:51,Calm
2025-11-27 08:42:51,Sad
2025-11-27 08:42:51,Sad
2025-11-27 08:42:52,Sad
2025-11-27 08:42:52,Sad
2025-11-27 08:42:53,Angry
2025-11-27 08:42:53,Sad
2025-11-27 08:42:53,Sad
2025-11-27 08:42:54,Scared
2025-11-27 08:42:54,Sad
2025-11-27 08:42:55,Sad
2025-11-27 08:42:55,Calm
2025-11-27 08:42:55,Calm
2025-11-27 08:42:56,Calm
2025-11-27 08:42:56,Calm
2025-11-27 08:42:56,Calm
2025-11-27 08:42:57,Sad
2025-11-27 08:42:57,Happy
2025-11-27 08:42:57,Happy
2025-11-27 08:42:58,Happy
2025-11-27 08:42:58,Happy
2025-11-27 08:42:59,Happy
2025-11-27 08:42:59,Happy
2025-11-27 08:42:59,Angry
2025-11-27 08:43:00,Happy
2025-11-27 08:43:00,Happy
2025-11-27 08:43:00,Calm
2025-11-27 08:43:01,Happy
2025-11-27 08:43:01,Happy
2025-11-27 08:43:02,Surprised
2025-11-27 08:43:02,Surprised
2025-11-27 08:43:02,Surprised
2025-11-27 08:43:03,Surprised
2025-11-27 08:43:03,Surprised
2025-11-27 08:43:04,Sad
2025-11-27 08:43:04,Sad
2025-11-27 08:43:04,Sad
2025-11-27 08:43:05,Sad
2025-11-27 08:43:05,Scared
2025-11-27 08:43:06,Happy
2025-11-27 08:43:06,Happy
2025-11-27 08:43:06,Happy
2025-11-27 08:43:07,Happy
2025-11-27 08:43:07,Sad
2025-11-27 08:43:07,Calm
2025-11-27 08:43:08,Calm
2025-11-27 08:43:08,Calm
2025-11-27 08:43:08,Calm
2025-11-27 08:43:09,Happy
2025-11-27 08:43:09,Happy
2025-11-27 08:43:10,Calm
2025-11-27 08:43:10,Calm
2025-11-27 08:43:10,Calm
2025-11-27 08:43:11,Calm
2025-11-27 08:43:11,Calm
2025-11-27 08:43:11,Calm
2025-11-27 08:43:12,Calm
2025-11-27 08:43:12,Sad
2025-11-27 08:43:12,Angry
2025-11-27 08:43:13,Calm
2025-11-27 08:43:13,Angry
2025-11-27 08:43:13,Sad
2025-11-27 08:43:14,Calm
2025-11-27 08:43:14,Sad
2025-11-27 08:43:14,Calm
2025-11-27 08:43:15,Calm
2025-11-27 08:43:15,Calm
2025-11-27 08:43:15,Sad
2025-11-27 08:43:16,Calm
2025-11-27 08:43:16,Calm
2025-11-27 08:43:17,Calm
2025-11-27 08:43:17,Calm
2025-11-27 08:43:17,Calm
2025-11-27 08:43:18,Calm
2025-11-27 08:43:18,Calm
2025-11-27 08:43:18,Calm
2025-11-27 08:43:19,Calm
2025-11-27 08:43:19,Calm
2025-11-27 08:43:19,Calm
2025-11-27 08:43:20,Calm
2025-11-27 08:43:20,Happy
2025-11-27 08:43:20,Happy
2025-11-27 08:43:21,Calm
2025-11-27 08:43:21,Calm
2025-11-27 08:43:22,Calm
2025-11-27 08:43:22,Calm
2025-11-27 08:43:22,Happy
2025-11-27 08:43:23,Happy
2025-11-27 08:43:23,Calm
2025-11-27 08:43:23,Happy
2025-11-27 08:43:24,Happy
2025-11-27 08:43:24,Happy
2025-11-27 08:43:24,Happy
2025-11-27 08:43:25,Happy
2025-11-27 08:43:25,Happy
2025-11-27 08:43:25,Happy
2025-11-27 08:43:26,Sad
2025-11-27 08:43:26,Scared
2025-11-27 08:43:27,Scared
2025-11-27 08:43:27,Calm
2025-11-27 08:43:27,Sad
2025-11-27 08:43:28,Calm
2025-11-27 08:43:28,Sad
2025-11-27 08:43:28,Sad
2025-11-27 08:43:29,Sad
2025-11-27 08:43:29,Happy
2025-11-27 08:43:30,Sad
2025-11-27 08:43:30,Sad
2025-11-27 08:43:30,Calm
2025-11-27 08:43:31,Surprised
2025-11-27 08:43:31,Calm
2025-11-27 08:43:31,Sad
2025-11-27 08:43:32,Calm
2025-11-27 08:43:32,Calm
2025-11-27 08:43:33,Calm
2025-11-27 08:43:33,Surprised
2025-11-27 08:43:33,Scared
2025-11-27 08:43:34,Scared
2025-11-27 08:43:34,Sad
2025-11-27 08:43:34,Scared
2025-11-27 08:43:34,Sad
2025-11-27 08:43:35,Sad
2025-11-27 08:43:35,Sad
2025-11-27 08:43:35,Calm
2025-11-27 08:43:35,Angry
2025-11-27 08:43:36,Sad
2025-11-27 08:43:36,Sad
2025-11-27 08:43:37,Calm
2025-11-27 08:43:37,Calm
2025-11-27 08:43:37,Sad
2025-11-27 08:43:38,Angry
2025-11-27 08:43:38,Scared
2025-11-27 08:43:38,Calm
2025-11-27 08:43:39,Calm
2025-11-27 08:43:39,Calm
2025-11-27 08:43:40,Calm
2025-11-27 08:43:40,Sad
2025-11-27 08:43:40,Calm
2025-11-27 08:43:41,Scared
2025-11-27 08:43:41,Calm
2025-11-27 08:43:41,Scared
2025-11-27 08:43:42,Sad
2025-11-27 08:43:42,Calm
2025-11-27 08:43:43,Sad
2025-11-27 08:43:43,Calm
2025-11-27 08:43:43,Sad
2025-11-27 08:43:44,Calm
2025-11-27 08:43:44,Calm
2025-11-27 08:43:44,Calm
2025-11-27 08:43:45,Calm
2025-11-27 08:43:45,Calm
2025-11-27 08:43:46,Calm
2025-11-27 08:43:46,Calm
2025-11-27 08:43:46,Calm
2025-11-27 08:43:47,Calm
2025-11-27 08:43:47,Calm
2025-11-27 08:43:47,Calm
2025-11-27 08:43:48,Calm
2025-11-27 08:43:48,Happy
2025-11-27 08:43:49,Happy
2025-11-27 08:43:49,Calm
2025-11-27 08:43:49,Calm
2025-11-27 08:43:50,Happy
2025-11-27 08:43:50,Happy
2025-11-27 08:43:50,Calm
2025-11-27 08:43:51,Calm
2025-11-27 08:43:51,Calm
2025-11-27 08:43:51,Calm
2025-11-27 08:43:52,Calm
2025-11-27 08:43:52,Calm
2025-11-27 08:43:53,Calm
2025-11-27 08:43:53,Sad
2025-11-27 08:43:53,Calm
2025-11-27 08:43:54,Happy
2025-11-27 08:43:54,Happy
2025-11-27 08:43:54,Happy
2025-11-27 08:43:55,Calm
2025-11-27 08:43:55,Calm
2025-11-27 08:43:56,Calm
2025-11-27 08:43:56,Scared
2025-11-27 08:43:56,Scared
2025-11-27 08:43:57,Calm
2025-11-27 08:43:57,Calm
2025-11-27 08:43:57,Calm
2025-11-27 08:43:58,Happy
2025-11-27 08:43:58,Happy
2025-11-27 08:43:59,Happy
2025-11-27 08:43:59,Happy
2025-11-27 08:43:59,Happy
2025-11-27 08:44:00,Happy
2025-11-27 08:44:00,Happy
2025-11-27 08:44:00,Happy
2025-11-27 08:44:01,Happy
2025-11-27 08:44:01,Happy
2025-11-27 08:44:01,Happy
2025-11-27 08:44:02,Scared
2025-11-27 08:44:02,Calm
2025-11-27 08:44:03,Calm
2025-11-27 08:44:03,Calm
2025-11-27 08:44:03,Calm
2025-11-27 08:44:04,Calm
2025-11-27 08:44:04,Calm
2025-11-27 08:44:04,Sad
2025-11-27 08:44:05,Calm
2025-11-27 08:44:05,Calm
2025-11-27 08:44:05,Calm
2025-11-27 08:44:06,Calm
2025-11-27 08:44:06,Calm
2025-11-27 08:44:07,Calm
2025-11-27 08:44:07,Calm
2025-11-27 08:44:07,Calm
2025-11-27 08:44:08,Sad
2025-11-27 08:44:08,Sad
2025-11-27 08:44:08,Sad
2025-11-27 08:44:09,Sad
2025-11-27 08:44:09,Calm
2025-11-27 08:44:10,Calm
2025-11-27 08:44:10,Sad
2025-11-27 08:44:10,Sad
2025-11-27 08:44:11,Scared
2025-11-27 08:44:11,Sad
2025-11-27 08:44:11,Sad
2025-11-27 08:44:12,Angry
2025-11-27 08:44:12,Sad
2025-11-27 08:44:13,Calm
2025-11-27 08:44:13,Sad
2025-11-27 08:44:13,Angry
2025-11-27 08:44:14,Angry
2025-11-27 08:44:14,Sad
2025-11-27 08:44:14,Sad
2025-11-27 08:44:15,Sad
2025-11-27 08:44:15,Scared
2025-11-27 08:44:15,Sad
2025-11-27 08:44:16,Sad
2025-11-27 08:44:16,Sad
2025-11-27 08:44:17,Sad
2025-11-27 08:44:17,Sad
2025-11-27 08:44:17,Sad
2025-11-27 08:44:18,Sad
2025-11-27 08:44:18,Sad
2025-11-27 08:44:18,Calm
2025-11-29 15:25:06,Sad
2025-11-29 15:25:07,Calm
2025-11-29 15:25:07,Calm
2025-11-29 15:25:08,Calm
2025-11-29 15:25:08,Sad
2025-11-29 15:25:08,Calm
2025-11-29 15:25:09,Calm
2025-11-29 15:25:09,Calm
2025-11-29 15:25:09,Calm
2025-11-29 15:25:10,Calm
2025-11-29 15:25:10,Calm
2025-11-29 15:25:10,Scared
2025-11-29 15:25:11,Calm
2025-11-29 15:25:11,Calm
2025-11-29 15:25:11,Calm
2025-11-29 15:25:12,Calm
2025-11-29 15:25:12,Calm
2025-11-29 15:25:12,Calm
2025-11-29 15:25:13,Calm
2025-11-29 15:25:13,Calm
2025-11-29 15:25:14,Calm
2025-11-29 15:25:14,Calm
2025-11-29 15:25:14,Calm
2025-11-29 15:25:15,Calm
2025-11-29 15:25:15,Calm
2025-11-29 15:25:15,Calm
2025-11-29 15:25:16,Calm
2025-11-29 15:25:16,Calm
2025-11-29 15:25:16,Calm
2025-11-29 15:25:17,Calm
2025-11-29 15:25:17,Calm
2025-11-29 15:25:17,Calm
2025-11-29 15:25:18,Calm
2025-11-29 15:25:18,Calm
2025-11-29 15:25:18,Calm
2025-11-29 15:25:19,Calm
2025-11-29 15:25:19,Calm
2025-11-29 15:25:19,Calm
2025-11-29 15:25:20,Calm
2025-11-29 15:25:20,Calm
2025-11-29 15:25:20,Calm
2025-11-29 15:25:21,Calm
2025-11-29 15:25:21,Calm
2025-11-29 15:25:21,Sad
2025-11-29 15:25:22,Sad
2025-11-29 15:25:22,Calm
2025-11-29 15:25:23,Sad
2025-11-29 15:25:23,Sad
2025-11-29 15:25:23,Sad
2025-11-29 15:25:24,Sad
2025-11-29 15:25:24,Sad
2025-11-29 15:25:24,Sad
2025-11-29 15:25:25,Sad
2025-11-29 15:25:25,Sad
2025-11-29 15:25:25,Calm
2025-11-29 15:25:26,Calm
2025-11-29 15:25:26,Calm
2025-11-29 15:25:26,Calm
2025-11-29 15:25:27,Calm
2025-11-29 15:25:27,Calm
2025-11-29 15:25:27,Calm
2025-11-29 15:25:28,Calm
2025-11-29 15:25:28,Calm
2025-11-29 15:25:29,Calm
2025-11-29 15:25:29,Calm
2025-11-29 15:25:29,Calm
2025-11-29 15:25:30,Calm
2025-11-29 15:25:30,Calm
2025-11-29 15:25:30,Calm
2025-11-29 15:25:31,Calm
2025-11-29 15:25:31,Calm
2025-11-29 15:25:31,Calm
2025-11-29 15:25:32,Calm
2025-11-29 15:25:32,Calm
2025-11-29 15:25:32,Calm
2025-11-29 15:25:33,Calm
2025-11-29 15:25:33,Calm
2025-11-29 15:25:33,Calm
2025-11-29 15:25:34,Calm
2025-11-29 15:25:34,Angry
2025-11-29 15:25:34,Calm
2025-11-29 15:25:35,Sad
2025-11-29 15:25:35,Sad
2025-11-29 15:25:35,Calm
2025-11-29 15:25:36,Sad
2025-11-29 15:25:36,Calm
2025-11-29 15:25:36,Calm
2025-11-29 15:25:37,Calm
2025-11-29 15:25:37,Calm
2025-11-29 15:25:37,Calm
2025-11-29 15:25:38,Calm
2025-11-29 15:25:38,Calm
2025-11-29 15:25:38,Calm
2025-11-29 15:25:39,Calm
2025-11-29 15:25:39,Calm
2025-11-29 15:25:39,Calm
2025-11-29 15:25:40,Calm
2025-11-29 15:25:40,Sad
2025-11-29 15:25:40,Calm
2025-11-29 15:25:41,Angry
2025-11-29 15:25:41,Angry
2025-11-29 15:25:42,Sad
2025-11-29 15:25:42,Sad
2025-11-29 15:25:42,Angry
2025-11-29 15:25:43,Calm
2025-11-29 15:25:43,Calm
2025-11-29 15:25:43,Sad
2025-11-29 15:25:44,Sad
2025-11-29 15:25:44,Angry
2025-11-29 15:25:44,Calm
2025-11-29 15:25:45,Angry
2025-11-29 15:25:45,Sad
2025-11-29 15:25:45,Calm
2025-11-29 15:25:46,Sad
2025-11-29 15:25:46,Sad
2025-11-29 15:25:46,Sad
2025-11-29 15:25:47,Calm
2025-11-29 15:25:47,Calm
2025-11-29 15:25:48,Calm
2025-11-29 15:25:48,Calm
2025-11-29 15:25:48,Calm
2025-11-29 15:25:49,Calm
2025-11-29 15:25:49,Calm
2025-11-29 15:25:50,Calm
2025-11-29 15:25:50,Calm
2025-11-29 15:25:50,Calm
2025-11-29 15:25:51,Calm
2025-11-29 15:25:51,Calm
2025-11-29 15:25:51,Calm
2025-11-29 15:25:52,Calm
2025-11-29 15:25:52,Calm
2025-11-29 15:25:52,Calm
2025-11-29 15:25:53,Calm
2025-11-29 15:25:53,Calm
2025-11-29 15:25:53,Calm
2025-11-29 15:25:54,Calm
2025-11-29 15:25:54,Happy
2025-11-29 15:25:55,Calm
2025-11-29 15:25:55,Calm
2025-11-29 15:25:55,Calm
2025-11-29 15:25:56,Calm
2025-11-29 15:25:56,Calm
2025-11-29 15:25:56,Calm
2025-11-29 15:25:57,Calm
2025-11-29 15:25:57,Calm
2025-11-29 15:25:57,Calm
2025-11-29 15:25:58,Calm
2025-11-29 15:25:58,Calm
2025-11-29 15:25:58,Calm
2025-11-29 15:25:59,Calm
2025-11-29 15:25:59,Calm
2025-11-29 15:26:00,Calm
2025-11-29 15:26:00,Calm
2025-11-29 15:26:00,Calm
2025-11-29 15:26:01,Calm
2025-11-29 15:26:01,Calm
2025-11-29 15:26:01,Calm
2025-11-29 15:26:02,Calm
2025-11-29 15:26:02,Calm
2025-11-29 15:26:02,Calm
2025-11-29 15:26:03,Calm
2025-11-29 15:26:03,Calm
2025-11-29 15:26:04,Calm
2025-11-29 15:26:04,Calm
2025-11-29 15:26:04,Calm
2025-11-29 15:26:05,Calm
2025-11-29 15:26:05,Calm
2025-11-29 15:26:05,Calm
2025-11-29 15:26:06,Calm
2025-11-29 15:26:06,Calm
2025-11-29 15:26:06,Calm
2025-11-29 15:26:07,Calm
2025-11-29 15:26:07,Calm
2025-11-29 15:26:07,Calm
2025-11-29 15:26:08,Sad
2025-11-29 15:26:08,Happy
2025-11-29 15:26:08,Calm
2025-11-29 15:26:09,Calm
2025-11-29 15:26:09,Calm
2025-11-29 15:26:09,Calm
2025-11-29 15:26:10,Calm
2025-11-29 15:26:10,Calm
2025-11-29 15:26:11,Calm
2025-11-29 15:26:11,Calm
2025-11-29 15:26:11,Calm
2025-11-29 15:26:12,Calm
2025-11-29 15:26:12,Calm
2025-11-29 15:26:12,Calm
2025-11-29 15:26:13,Calm
2025-11-29 15:26:13,Calm
2025-11-29 15:26:13,Calm
2025-11-29 15:26:14,Calm
2025-11-29 15:26:14,Calm
2025-11-29 15:26:14,Calm
2025-11-29 15:26:15,Calm
2025-11-29 15:26:15,Calm
2025-11-29 15:26:15,Calm
2025-11-29 15:26:16,Calm
2025-11-29 15:26:16,Calm
2025-11-29 15:26:16,Calm
2025-11-29 15:26:17,Calm
2025-11-29 15:26:17,Calm
2025-11-29 15:26:17,Calm
2025-11-29 15:26:18,Calm
2025-11-29 15:26:18,Calm
2025-11-29 15:26:18,Calm
2025-11-29 15:26:19,Calm
2025-11-29 15:26:19,Calm
2025-11-29 15:26:20,Calm
2025-11-29 15:26:20,Calm
2025-11-29 15:26:21,Calm
2025-11-29 15:26:21,Calm
2025-11-29 15:26:21,Calm
2025-11-29 15:26:22,Calm
2025-11-29 15:26:22,Calm
2025-11-29 15:26:23,Calm
2025-11-29 15:26:23,Calm
2025-11-29 15:26:23,Calm
2025-11-29 15:26:24,Calm
2025-11-29 15:26:24,Calm
2025-11-29 15:26:25,Calm
2025-11-29 15:26:25,Calm
2025-11-29 15:26:25,Calm
2025-11-29 15:26:26,Calm
2025-11-29 15:26:26,Calm
2025-11-29 15:26:27,Calm
2025-11-29 15:26:27,Calm
2025-11-29 15:26:27,Calm
2025-11-29 15:26:28,Calm
2025-11-29 15:26:28,Calm
2025-11-29 15:26:29,Calm
2025-11-29 15:26:29,Calm
2025-11-29 15:26:29,Calm
2025-11-29 15:26:30,Calm
2025-11-29 15:26:30,Calm
2025-11-29 15:26:31,Calm
2025-11-29 15:26:31,Calm
2025-11-29 15:26:31,Calm
2025-11-29 15:26:32,Calm
2025-11-29 15:26:32,Calm
2025-11-29 15:26:32,Calm
2025-11-29 15:26:33,Calm
2025-11-29 15:26:33,Calm
2025-11-29 15:26:33,Calm
2025-11-29 15:26:34,Calm
2025-11-29 15:26:34,Calm
2025-11-29 15:26:34,Calm
2025-11-29 15:26:35,Calm
2025-11-29 15:26:35,Calm
2025-11-29 15:26:35,Calm
2025-11-29 15:26:36,Calm
2025-11-29 15:26:36,Calm
2025-11-29 15:26:37,Calm
2025-11-29 15:26:37,Calm
2025-11-29 15:26:37,Calm
2025-11-29 15:26:38,Calm
2025-11-29 15:26:38,Calm
2025-11-29 15:26:38,Calm
2025-11-29 15:26:39,Calm
2025-11-29 15:26:39,Calm
2025-11-29 15:26:39,Calm
2025-11-29 15:26:40,Calm
2025-11-29 15:26:40,Happy
2025-11-29 15:26:40,Calm
2025-11-29 15:26:41,Calm
2025-11-29 15:26:41,Calm
2025-11-29 15:26:41,Calm
2025-11-29 15:26:42,Calm
2025-11-29 15:26:42,Calm
2025-11-29 15:26:42,Calm
2025-11-29 15:26:43,Calm
2025-11-29 15:26:43,Calm
2025-11-29 15:26:43,Calm
2025-11-29 15:26:44,Calm
2025-11-29 15:26:44,Calm
2025-11-29 15:26:44,Calm
2025-11-29 15:26:45,Calm
2025-11-29 15:26:45,Calm
2025-11-29 15:26:45,Calm
2025-11-29 15:26:46,Calm
2025-11-29 15:26:46,Calm
2025-11-29 15:26:47,Calm
2025-11-29 15:26:47,Sad
2025-11-29 15:26:47,Calm
2025-11-29 15:26:48,Calm
2025-11-29 15:26:48,Calm
2025-11-29 15:26:48,Calm
2025-11-29 15:26:49,Calm
2025-11-29 15:26:49,Calm
2025-11-29 15:26:49,Calm
2025-11-29 15:26:50,Calm
2025-11-29 15:26:50,Calm
2025-11-29 15:26:50,Calm
2025-11-29 15:26:51,Calm
2025-11-29 15:26:51,Calm
2025-11-29 15:26:52,Calm
2025-11-29 15:26:52,Calm
2025-11-29 15:26:52,Calm
2025-11-29 15:26:53,Calm
2025-11-29 15:26:53,Calm
2025-11-29 15:26:53,Calm
2025-11-29 15:26:54,Calm
2025-11-29 15:26:54,Calm
2025-11-29 15:26:55,Calm
2025-11-29 15:26:55,Calm
2025-11-29 15:26:55,Calm
2025-11-29 15:26:56,Calm
2025-11-29 15:26:56,Calm
2025-11-29 15:26:56,Calm
2025-11-29 15:26:57,Calm
2025-11-29 15:26:57,Calm
2025-11-29 15:26:57,Calm
2025-11-29 15:26:58,Calm
2025-11-29 15:26:58,Calm
2025-11-29 15:26:58,Calm
2025-11-29 15:26:59,Calm
2025-11-29 15:26:59,Calm
2025-11-29 15:26:59,Calm
2025-11-29 15:27:00,Happy
2025-11-29 15:27:00,Happy
2025-11-29 15:27:01,Happy
2025-11-29 15:27:01,Calm
2025-11-29 15:27:01,Calm
2025-11-29 15:27:02,Calm
2025-11-29 15:27:02,Calm
2025-11-29 15:27:02,Calm
2025-11-29 15:27:03,Calm
2025-11-29 15:27:03,Calm
2025-11-29 15:27:03,Calm
2025-11-29 15:27:04,Calm
2025-11-29 15:27:04,Calm
2025-11-29 15:27:04,Calm
2025-11-29 15:27:05,Calm
2025-11-29 15:30:41,Happy
2025-11-29 15:30:41,Calm
2025-11-29 15:30:42,Happy
2025-11-29 15:30:42,Happy
2025-11-29 15:30:42,Happy
2025-11-29 15:30:43,Calm
2025-11-29 15:30:43,Calm
2025-11-29 15:30:43,Calm
2025-11-29 15:30:44,Calm
2025-11-29 15:30:44,Calm
2025-11-29 15:30:45,Calm
2025-11-29 15:30:45,Calm
2025-11-29 15:30:45,Calm
2025-11-29 15:30:46,Calm
2025-11-29 15:30:46,Calm
2025-11-29 15:30:46,Calm
2025-11-29 15:30:47,Calm
2025-11-29 15:30:47,Happy
2025-11-29 15:30:48,Calm
2025-11-29 15:30:48,Happy
2025-11-29 15:30:48,Happy
2025-11-29 15:30:49,Happy
2025-11-29 15:30:49,Happy
2025-11-29 15:30:49,Happy
2025-11-29 15:30:50,Calm
2025-11-29 15:30:50,Calm
2025-11-29 15:30:51,Happy
2025-11-29 15:30:51,Happy
2025-11-29 15:30:51,Happy
2025-11-29 15:30:52,Calm
2025-11-29 15:30:52,Calm
2025-11-29 15:30:52,Angry
2025-11-29 15:30:53,Calm
2025-11-29 15:30:53,Calm
2025-11-29 15:30:53,Calm
2025-11-29 15:30:54,Calm
2025-11-29 15:30:54,Calm
2025-11-29 15:30:54,Calm
2025-11-29 15:30:55,Calm
2025-11-29 15:30:55,Sad
2025-11-29 15:30:55,Sad
2025-11-29 15:30:56,Sad
2025-11-29 15:30:56,Sad
2025-11-29 15:30:56,Angry
2025-11-29 15:30:57,Sad
2025-11-29 15:30:57,Sad
2025-11-29 15:30:58,Sad
2025-11-29 15:30:58,Angry
2025-11-29 15:30:58,Sad
2025-11-29 15:30:59,Calm
2025-11-29 15:30:59,Calm
2025-11-29 15:30:59,Calm
2025-11-29 15:31:00,Calm
2025-11-29 15:31:00,Calm
2025-11-29 15:31:00,Calm
2025-11-29 15:31:01,Calm
2025-11-29 15:31:01,Calm
2025-11-29 15:31:01,Calm
2025-11-29 15:31:02,Calm
2025-11-29 15:31:02,Calm
2025-11-29 15:31:03,Calm
2025-11-29 15:31:03,Calm
2025-11-29 15:31:03,Calm
2025-11-29 15:31:04,Calm
2025-11-29 15:31:04,Calm
2025-11-29 15:31:04,Calm
2025-11-29 15:31:05,Calm
2025-11-29 15:31:05,Calm
2025-11-29 15:31:05,Calm
2025-11-29 15:31:06,Happy
2025-11-29 15:31:06,Happy
2025-11-29 15:31:06,Happy
2025-11-29 15:31:07,Happy
2025-11-29 15:31:07,Calm
2025-11-29 15:31:07,Calm
2025-11-29 15:31:08,Calm
2025-11-29 15:31:08,Calm
2025-11-29 15:31:09,Calm
2025-11-29 15:31:09,Sad
2025-11-29 15:31:09,Sad
2025-11-29 15:31:10,Calm
2025-11-29 15:31:10,Happy
2025-11-29 15:31:10,Happy
2025-11-29 15:31:10,Happy
2025-11-29 15:31:11,Calm
2025-11-29 15:31:11,Calm
2025-11-29 15:31:12,Happy
2025-11-29 15:31:12,Sad
2025-11-29 15:31:12,Calm
2025-11-29 15:31:12,Happy
2025-11-29 15:31:13,Happy
2025-11-29 15:31:13,Happy
2025-11-29 15:31:13,Happy
2025-11-29 15:31:14,Happy
2025-11-29 15:31:14,Happy
2025-11-29 15:31:14,Happy
2025-11-29 15:31:15,Happy
2025-11-29 15:31:15,Happy
2025-11-29 15:31:15,Calm
2025-11-29 15:31:16,Calm
2025-11-29 15:31:16,Calm
2025-11-29 15:31:16,Calm
2025-11-29 15:31:17,Calm
2025-11-29 15:31:17,Calm
2025-11-29 15:31:17,Calm
2025-11-29 15:31:18,Calm
2025-11-29 15:31:18,Calm
2025-11-29 15:31:18,Surprised
2025-11-29 15:31:19,Angry
2025-11-29 15:31:19,Calm
2025-11-29 15:31:19,Calm
2025-11-29 15:31:20,Calm
2025-11-29 15:31:20,Calm
2025-11-29 15:31:20,Calm
2025-11-29 15:31:21,Sad
2025-11-29 15:31:21,Calm
2025-11-29 15:31:22,Calm
2025-11-29 15:31:22,Surprised
2025-11-29 15:31:22,Calm
2025-11-29 15:31:23,Calm
2025-11-29 15:31:23,Calm
2025-11-29 15:31:23,Calm
2025-11-29 15:31:24,Calm
2025-11-29 15:31:24,Calm
2025-11-29 15:31:24,Calm
2025-11-29 15:31:25,Calm
2025-11-29 15:31:25,Calm
2025-11-29 15:31:25,Calm
2025-11-29 15:31:26,Calm
2025-11-29 15:31:26,Calm
2025-11-29 15:31:26,Calm
2025-11-29 15:31:27,Calm
2025-11-29 15:31:27,Calm
2025-11-29 15:31:28,Calm
2025-11-29 15:31:28,Calm
2025-11-29 15:31:28,Calm
2025-11-29 15:31:29,Calm
2025-11-29 15:31:29,Calm
2025-11-29 15:31:29,Calm
2025-11-29 15:31:30,Calm
2025-11-29 15:31:30,Calm
2025-11-29 15:31:30,Calm
2025-11-29 15:31:31,Calm
2025-11-29 15:31:31,Calm
2025-11-29 15:31:32,Calm
2025-11-29 15:31:32,Calm
2025-11-29 15:31:32,Calm
2025-11-29 15:31:33,Calm
2025-11-29 15:31:33,Calm
2025-11-29 15:31:33,Calm
2025-11-29 15:31:34,Calm
2025-11-29 15:31:34,Calm
2025-11-29 15:31:34,Calm
2025-11-29 15:31:35,Calm
2025-11-29 15:31:35,Calm
2025-11-29 15:31:35,Happy
2025-11-29 15:31:36,Calm
2025-11-29 15:31:36,Calm
2025-11-29 15:31:37,Happy
2025-11-29 15:31:37,Calm
2025-11-29 15:31:38,Calm
2025-11-29 15:31:38,Calm
2025-11-29 15:31:38,Calm
2025-11-29 15:31:39,Calm
2025-11-29 15:31:39,Calm
2025-11-29 15:31:40,Calm
2025-11-29 15:31:40,Calm
2025-11-29 15:31:40,Calm
2025-11-29 15:31:41,Calm
2025-11-29 15:31:41,Calm
2025-11-29 15:31:42,Calm
2025-11-29 15:31:42,Calm
2025-11-29 15:31:43,Calm
2025-11-29 15:31:44,Calm
2025-11-29 15:31:44,Calm
2025-11-29 15:31:45,Happy
2025-11-29 15:31:46,Calm
2025-11-29 15:31:46,Calm
2025-11-29 15:31:47,Calm
2025-11-29 15:31:47,Calm
2025-11-29 15:31:48,Calm
2025-11-29 15:31:49,Calm
2025-11-29 15:31:49,Calm
2025-11-29 15:31:50,Calm
2025-11-29 15:31:50,Calm
2025-11-29 15:31:51,Calm
2025-11-29 15:31:52,Calm
2025-11-29 15:31:52,Happy
2025-11-29 15:31:53,Calm
2025-11-29 15:31:53,Calm
2025-11-29 15:31:54,Calm
2025-11-29 15:31:55,Calm
2025-11-29 15:31:55,Calm
2025-11-29 15:31:56,Calm
2025-11-29 15:31:57,Calm
2025-11-29 15:31:57,Calm
2025-11-29 15:31:58,Calm
2025-11-29 15:31:59,Calm
2025-11-29 15:31:59,Calm
2025-11-29 15:32:00,Calm
2025-11-29 15:32:00,Calm
2025-11-29 15:32:01,Calm
2025-11-29 15:32:02,Calm
2025-11-29 15:32:02,Calm
2025-11-29 15:32:03,Calm
2025-11-29 15:32:03,Calm
2025-11-29 15:32:04,Calm
2025-11-29 15:32:05,Calm
2025-11-29 15:32:05,Calm
2025-11-29 15:32:06,Calm
2025-11-29 15:32:06,Happy
2025-11-29 15:32:07,Calm
2025-11-29 15:32:07,Calm
2025-11-29 15:32:08,Calm
2025-11-29 15:32:08,Calm
2025-11-29 15:32:09,Calm
2025-11-29 15:32:09,Calm
2025-11-29 15:32:10,Happy
2025-11-29 15:32:11,Calm
2025-11-29 15:32:11,Calm
2025-11-29 15:32:12,Calm
2025-11-29 15:32:12,Calm
2025-11-29 15:32:13,Calm
2025-11-29 15:32:14,Scared
2025-11-29 15:32:14,Calm
2025-11-29 15:32:14,Calm
2025-11-29 15:32:15,Calm
2025-11-29 15:32:15,Scared
2025-11-29 15:32:16,Scared
2025-11-29 15:32:16,Calm
2025-11-29 15:32:16,Scared
2025-11-29 15:32:17,Scared
2025-11-29 15:32:17,Scared
2025-11-29 15:32:17,Calm
2025-11-29 15:32:18,Calm
2025-11-29 15:32:18,Calm
2025-11-29 15:32:19,Calm
2025-11-29 15:32:19,Calm
2025-11-29 15:32:19,Calm
2025-11-29 15:32:20,Calm
2025-11-29 15:32:20,Calm
2025-11-29 15:32:20,Calm
2025-11-29 15:32:21,Calm
2025-11-29 15:32:21,Calm
2025-11-29 15:32:21,Calm
2025-11-29 15:32:21,Sad
2025-11-29 15:32:22,Calm
2025-11-29 15:32:22,Calm
2025-11-29 15:32:23,Calm
2025-11-29 15:32:23,Calm
2025-11-29 15:32:23,Calm
2025-11-29 15:32:24,Calm
2025-11-29 15:32:24,Calm
2025-11-29 15:32:24,Calm
2025-11-29 15:32:25,Calm
2025-11-29 15:32:25,Calm
2025-11-29 15:32:25,Calm
2025-11-29 15:32:26,Calm
2025-11-29 15:32:26,Calm
2025-11-29 15:32:26,Calm
2025-11-29 15:32:27,Calm
2025-11-29 15:32:27,Calm
2025-11-29 15:32:28,Calm
2025-11-29 15:32:28,Calm
2025-11-29 15:32:28,Calm
2025-11-29 15:32:29,Calm
2025-11-29 15:32:29,Calm
2025-11-29 15:32:29,Calm
2025-11-29 15:32:30,Calm
2025-11-29 15:32:30,Calm
2025-11-29 15:32:31,Calm
2025-11-29 15:32:31,Calm
2025-11-29 15:32:31,Calm
2025-11-29 15:32:32,Calm
2025-11-29 15:32:32,Calm
2025-11-29 15:32:32,Calm
2025-11-29 15:32:33,Calm
2025-11-29 15:32:33,Calm
2025-11-29 15:32:34,Calm
2025-11-29 15:32:34,Happy
2025-11-29 15:32:34,Calm
2025-11-29 15:32:35,Calm
2025-11-29 15:32:35,Calm
2025-11-29 15:32:36,Calm
2025-11-29 15:32:36,Happy
2025-11-29 15:32:36,Calm
2025-11-29 15:32:37,Calm
2025-11-29 15:32:37,Calm
2025-11-29 15:32:37,Calm
2025-11-29 15:32:38,Calm
2025-11-29 15:32:38,Calm
2025-11-29 15:32:38,Calm
2025-11-29 15:32:39,Calm
2025-11-29 15:32:39,Calm
2025-11-29 15:32:40,Calm
